{"author":"Cortex XSOAR","authorImage":"content/packs/Base/Author_image.png","categories":["Forensics & Malware Analysis"],"certification":"certified","commit":"e7c25e47474f3a0fd89b20da5419913f0199a5c2","contentCommitHash":null,"contentDisplays":{"integration":"Integrations","playbook":"Playbooks"},"contentItems":{"integration":[{"category":"Forensics & Malware Analysis","commands":[{"deprecated":true,"description":"Get summary information for a given MD5, SHA1 or SHA256 and all the reports generated for any environment ID","name":"crowdstrike-scan","source_repo":"content"},{"deprecated":true,"description":"(Deprecated - Please use CrowdStrike Falcon Sandbox - Detonate file playbook instead) Detonate file through Falcon Sandbox","name":"crowdstrike-detonate-file","source_repo":"content"},{"deprecated":true,"description":"Retrieve result data upon a file. NOTE - This command returns a file","name":"crowdstrike-result","source_repo":"content"},{"deprecated":true,"description":"Submit a file from investigation to analysis server","name":"vx-submit-sample","source_repo":"content"},{"deprecated":true,"description":"Get a list of all available environments","name":"vx-get-environments","source_repo":"content"},{"deprecated":true,"description":"Submit a URL for analysis (Supported only in v2)","name":"crowdstrike-submit-url","source_repo":"content"},{"deprecated":true,"description":"Retrieve result data upon a file. NOTE - This command returns a file","name":"vx-result","source_repo":"content"},{"deprecated":true,"description":"Submit a file from investigation to analysis server","name":"crowdstrike-submit-sample","source_repo":"content"},{"deprecated":true,"description":"Submit a file by URL for analysis (Supported only in v2).","name":"crowdstrike-submit-file-by-url","source_repo":"content"},{"deprecated":true,"description":" Retrieves screenshots from a report (Supported only in v2)","name":"crowdstrike-get-screenshots","source_repo":"content"},{"deprecated":true,"description":"(Deprecated - Please use CrowdStrike Falcon Sandbox - Detonate URL playbook instead) Detonates URL address through Falcon Sandbox (supported only in v2)","name":"crowdstrike-detonate-url","source_repo":"content"},{"deprecated":true,"description":"Get a list of all available environments","name":"crowdstrike-get-environments","source_repo":"content"},{"deprecated":true,"description":"Search the database using the Falcon Sandbox search syntax","name":"crowdstrike-search","source_repo":"content"},{"deprecated":true,"description":"(Deprecated - Please use CrowdStrike Falcon Sandbox - Detonate file playbook instead) Detonate file through Falcon Sandbox","name":"vx-detonate-file","source_repo":"content"},{"deprecated":true,"description":"Search the database using the Falcon Sandbox search syntax","name":"vx-search","source_repo":"content"},{"deprecated":true,"description":"Get summary information for a given MD5, SHA1 or SHA256 and all the reports generated for any environment ID","name":"vx-scan","source_repo":"content"}],"deprecated":true,"description":"Deprecated. Use CrowdStrike Falcon Sandbox V2 instead.","fromversion":"5.0.0","id":"VxStream","isfetch":false,"isfetchassets":false,"isfetchevents":false,"name":"CrowdStrike Falcon Sandbox (Deprecated)","toversion":""},{"category":"Forensics & Malware Analysis","commands":[{"deprecated":false,"description":"Submits a file from the investigation to the analysis server.","name":"cs-falcon-sandbox-submit-sample","source_repo":"content"},{"deprecated":true,"description":"Deprecated. Use cs-falcon-sandbox-scan instead.","name":"crowdstrike-scan","source_repo":"content"},{"deprecated":false,"description":"Gets the report state for the given ID.","name":"cs-falcon-sandbox-report-state","source_repo":"content"},{"deprecated":true,"description":"Deprecated. Use cs-falcon-sandbox-get-environments instead.","name":"crowdstrike-get-environments","source_repo":"content"},{"deprecated":false,"description":"Submits a URL for analysis.","name":"cs-falcon-sandbox-submit-url","source_repo":"content"},{"deprecated":true,"description":"Deprecated. Use cs-falcon-sandbox-get-screenshots instead.","name":"crowdstrike-get-screenshots","source_repo":"content"},{"deprecated":false,"description":"Retrieves screenshots from a report.","name":"cs-falcon-sandbox-get-screenshots","source_repo":"content"},{"deprecated":false,"description":"Returns file information and reputation.","name":"file","source_repo":"content"},{"deprecated":false,"description":"Refreshes the overview and downloads fresh data from external services.","name":"cs-falcon-sandbox-analysis-overview-refresh","source_repo":"content"},{"deprecated":false,"description":"Searches the database using the Falcon Sandbox search syntax.","name":"cs-falcon-sandbox-search","source_repo":"content"},{"deprecated":true,"description":"Deprecated. Use cs-falcon-sandbox-result instead.","name":"crowdstrike-result","source_repo":"content"},{"deprecated":false,"description":"Gets summary information for a given MD5, SHA1, or SHA256 and all the reports generated for any environment ID.","name":"cs-falcon-sandbox-scan","source_repo":"content"},{"deprecated":false,"description":"Retrieves result data on a file. Note: This command returns a file.","name":"cs-falcon-sandbox-result","source_repo":"content"},{"deprecated":false,"description":"Gets a list of all available environments.","name":"cs-falcon-sandbox-get-environments","source_repo":"content"},{"deprecated":true,"description":"Deprecated. Use cs-falcon-sandbox-search instead.","name":"crowdstrike-search","source_repo":"content"},{"deprecated":true,"description":"Deprecated. Use cs-falcon-sandbox-submit-url instead.","name":"crowdstrike-submit-url","source_repo":"content"},{"deprecated":true,"description":"Deprecated. Use cs-falcon-sandbox-submit-sample instead.","name":"crowdstrike-submit-sample","source_repo":"content"},{"deprecated":false,"description":"Gets the hash overview.","name":"cs-falcon-sandbox-analysis-overview","source_repo":"content"},{"deprecated":false,"description":"Downloads the sample file.","name":"cs-falcon-sandbox-sample-download","source_repo":"content"},{"deprecated":false,"description":"Returns the hash overview.","name":"cs-falcon-sandbox-analysis-overview-summary","source_repo":"content"}],"deprecated":false,"description":"Fully automated malware analysis using Hybrid Analysis API.","fromversion":"6.2.0","id":"CrowdStrike Falcon Sandbox V2","isfetch":false,"isfetchassets":false,"isfetchevents":false,"name":"CrowdStrike Falcon Sandbox v2 (Hybrid-Analysis)","toversion":""}],"playbook":[{"deprecated":false,"description":"Detonates a File using CrowdStrike Falcon sandbox.","fromversion":"6.9.0","id":"Detonate file - CrowdStrike Falcon Sandbox v2","name":"Detonate file - CrowdStrike Falcon Sandbox v2","toversion":""},{"deprecated":true,"description":"Deprecated. Use the cs-falcon-sandbox-submit-file command with polling=true instead.","fromversion":"5.0.0","id":"CrowdStrike Falcon Sandbox - Detonate file","name":"CrowdStrike Falcon Sandbox - Detonate file","toversion":""},{"deprecated":true,"description":"Deprecated. Use the cs-falcon-sandbox-submit-url command with polling=true instead.","fromversion":"5.0.0","id":"detonate_url_-_crowdstrike","name":"Detonate URL - CrowdStrike","toversion":""}]},"contributors":null,"created":"2020-09-23T17:52:01Z","currentVersion":"2.0.24","defaultDataSource":null,"dependencies":{"Base":{"author":"Cortex XSOAR","certification":"certified","mandatory":true,"minVersion":"1.39.21","name":"Base"},"CommonPlaybooks":{"author":"Cortex XSOAR","certification":"certified","mandatory":true,"minVersion":"2.6.52","name":"Common Playbooks"},"CommonScripts":{"author":"Cortex XSOAR","certification":"certified","mandatory":true,"minVersion":"1.19.30","name":"Common Scripts"}},"deprecated":false,"description":"Fully automated malware analysis (formerly Payload Security VxStream).","display_name":"CrowdStrike Falcon Sandbox","downloads":5723,"eulaLink":"https://github.com/demisto/content/blob/master/LICENSE","excludedDependencies":[],"git_sha":null,"git_status":null,"hidden":false,"hybrid":false,"id":"CrowdStrikeFalconSandbox","integrations":[{"name":"CrowdStrike Falcon Sandbox (Deprecated)","imagePath":"content/packs/CrowdStrikeFalconSandbox/VxStream_image.png"},{"name":"CrowdStrike Falcon Sandbox v2 (Hybrid-Analysis)","imagePath":"content/packs/CrowdStrikeFalconSandbox/CrowdStrikeFalconSandboxV2_image.png"}],"keywords":[],"legacy":true,"marketplaces":["xsoar","xsoar_saas"],"modules":[],"name":"CrowdStrike Falcon Sandbox","old_base_content_object":null,"price":0,"searchRank":10,"serverMinVersion":"5.0.0","source_repo":"content","support":"xsoar","supportDetails":{"url":"https://www.paloaltonetworks.com/cortex"},"supportedModules":null,"tags":[],"updated":"2025-03-03T20:41:58Z","useCases":[],"versionInfo":"2628530","videos":[]}